{"cameraMode":{"drawMode":0,"name":"Shaded","section":"Shading Mode"},"sceneLighting":false,"audioPlay":false,"sceneViewState":{"showFog":true,"showMaterialUpdate":false,"showSkybox":true,"showFlares":true,"showImageEffects":true,"showParticleSystems":true},"in2DMode":false,"pivot":{"x":143.7839813232422,"y":129.577392578125,"z":477.2010192871094},"rotation":{"x":0.045931197702884677,"y":0.4825080931186676,"z":0.02537722699344158,"w":-0.8743181824684143},"size":42.71578598022461,"orthographic":false}