{"cameraMode":{"drawMode":0,"name":"Shaded","section":"Shading Mode"},"sceneLighting":false,"audioPlay":false,"sceneViewState":{"showFog":true,"showMaterialUpdate":false,"showSkybox":true,"showFlares":true,"showImageEffects":true,"showParticleSystems":true},"in2DMode":false,"pivot":{"x":83.93072509765625,"y":90.281982421875,"z":455.0812072753906},"rotation":{"x":0.045931197702884677,"y":0.4825080931186676,"z":0.02537722699344158,"w":-0.8743181824684143},"size":74.3411865234375,"orthographic":false}