{"cameraMode":{"drawMode":0,"name":"Shaded","section":"Shading Mode"},"sceneLighting":false,"audioPlay":false,"sceneViewState":{"showFog":true,"showMaterialUpdate":false,"showSkybox":true,"showFlares":true,"showImageEffects":true,"showParticleSystems":true},"in2DMode":false,"pivot":{"x":0.000001430511474609375,"y":0.890714704990387,"z":-0.061936914920806888},"rotation":{"x":0.0726238489151001,"y":-0.44638222455978396,"z":0.036365021020174029,"w":0.8911488652229309},"size":4.781335353851318,"orthographic":false}