{"cameraMode":{"drawMode":0,"name":"Shaded","section":"Shading Mode"},"sceneLighting":false,"audioPlay":false,"sceneViewState":{"showFog":true,"showMaterialUpdate":false,"showSkybox":true,"showFlares":true,"showImageEffects":true,"showParticleSystems":true},"in2DMode":false,"pivot":{"x":0.0,"y":1.035658836364746,"z":0.0695921778678894},"rotation":{"x":0.04186868295073509,"y":-0.5769088864326477,"z":0.02961966209113598,"w":0.8151968717575073},"size":1.2422518730163575,"orthographic":false}