{"cameraMode":{"drawMode":0,"name":"Shaded","section":"Shading Mode"},"sceneLighting":false,"audioPlay":false,"sceneViewState":{"showFog":true,"showMaterialUpdate":false,"showSkybox":true,"showFlares":true,"showImageEffects":true,"showParticleSystems":true},"in2DMode":false,"pivot":{"x":200.5275421142578,"y":143.28170776367188,"z":457.76104736328127},"rotation":{"x":-0.17268116772174836,"y":0.5308138728141785,"z":-0.11145347356796265,"w":-0.8221898078918457},"size":55.00138473510742,"orthographic":false}