{"cameraMode":{"drawMode":0,"name":"Shaded","section":"Shading Mode"},"sceneLighting":false,"audioPlay":false,"sceneViewState":{"showFog":true,"showMaterialUpdate":false,"showSkybox":true,"showFlares":true,"showImageEffects":true,"showParticleSystems":true},"in2DMode":false,"pivot":{"x":106.16162109375,"y":198.3515625,"z":-0.1328125},"rotation":{"x":-0.05994432792067528,"y":-0.025172661989927293,"z":0.0015392194036394358,"w":-0.9978830814361572},"size":39.63533020019531,"orthographic":true}