{"cameraMode":{"drawMode":0,"name":"Shaded","section":"Shading Mode"},"sceneLighting":false,"audioPlay":false,"sceneViewState":{"showFog":true,"showMaterialUpdate":false,"showSkybox":true,"showFlares":true,"showImageEffects":true,"showParticleSystems":true},"in2DMode":false,"pivot":{"x":2.180000066757202,"y":0.6191151738166809,"z":0.9766197204589844},"rotation":{"x":0.1166858971118927,"y":-0.028300801292061807,"z":0.003327153157442808,"w":0.9927600026130676},"size":0.5422981977462769,"orthographic":false}